id,content,label
1166,i think we should consider the actually the client prefers the original design,1
1127,Can you reset my password? My account password immediately,1
1240,im wondering if we need to no wait the test cases all passed successfully,1
1853,"This code needs to be reviewed by tomorrow, don't you thi",0
194,"This homework is taking forever, btw the new superhero movie looks",0
1563,the city council finally approved ... the new community garden project,1
1080,Yes. Do you know anything about a place called Sheep's Green and Lammas Land Park Fen Causeway,1
1460,the analysis confirms our initial wait let me see hypothesis about user engagement patterns,1
1092,Can you explain the charges the charges on my statement that look,0
1224,we might need to reschedule the actually the meeting room is available now,1
1838,"You've seen the latest sales figures, haven't you, because I wanted to",0
900,I was thinking about the project the project where we,0
1741,I was trying to access the repository but the permissions seem to be,0
176,my laptop keeps crashing at work which inspired me to finally start that coding bootcamp ive been wanting to try,1
1588,considering the Huntingdon Marriott Hotel but the location is somewhat,0
1986,by taking the bus,1
831,Bruv the way man just pulled up saying ciao and then,0
1795,bout those quarterly reports dont you think we should,0
1778,You have. Thank you. Goodbye,1
1988,twice a week,1
1698,The local theater group is performing Shakespeare in the park this summer,1
994,The deadline is three fifteen unless we,0
1051,The manager wanted to discuss wanted to discuss something about our,0
112,We are processing refund of $456.78 to card ending in,0
68,That's fine. Can I please have the phone number,1
864,"Thanks, I'll call that now. Bye",1
699,I'd like one in the expensive price range that includes free wifi,1
1132,No,1
260,mans really stood there lookin all types of confused while everybody was,0
677,ah gotcha now i see why they changed the process,1
1806,speaking of the new restaurant downtown have you tried,0
441,No. You're the best. Have a great day. Goodbye,1
422,ah shoot what was I supposed to do with the thing that,0
734,Yes I just am looking to get the phone number of one,1
856,I don't care as long as it's expensive,1
562,Betcha didn't know that I was gonna,0
1223,they mentioned something about how the updates might affect the,0
1248,"Okay, that sounds good, but what about my resume, I was thinking of",0
88,I think the serial number 789XB requires,0
1766,regarding joseph's proposal dont you think we could,0
475,"Oh boy, these new running shoes make such a difference in my performance",1
341,"Connect to Server A- no, Server B for the backup process",1
791,help me get a taxi to the cambridge museum of technology please,1
1102,Could you explain your reasoning? Your logical reasoning for this output,1
774,I would like to book a taxi please,1
1152,im not sure if this is the right i can confirm the numbers match the quarterly report,1
637,finna watch this new show everbody been talkin bout,1
218,something about the way the way they designed this makes me feel so so,0
985,The AC isn't working - the AC in Conference Room C,1
1236,thank you very much,1
1485,sustainable development requires we need to consider while ensuring that the,0
1137,we need to discuss the budget for next i just noticed that something in the,0
217,they they told me the delivery would would arrive today but now im just,0
1330,Thank you. I also need a taxi two commute between the hotel and restaurant,1
1567,when we discussed the budget last time ... but nobody seemed to,0
1661,I enjoy Chinese food,1
1722,"Let's go with Cambridge Lodge. I'd like to book for 8 at 17:30 on Saturday, please",1
634,"Actually, I've already finished the first draft",1
1757,Remember to back up your files before installing the update,1
546,Mighta been better if we woulda just,0
1205,do you know if anyone has i already updated the project timeline,1
1067,Do you deliver to this address? This address in Downtown Seattle,1
1624,The distance between points A and B is 234.5 kilometers,1
1564,my brother spent six months ... learning how to build custom furniture,1
832,ey yaar trust me this restaurant ka khana is actually blessed,1
1097,The two-factor authentication two-factor authentication process keeps,0
1302,"Yes, is either of these hotels located in the north",1
960,Could you pass me that folder? The RED folder right there,1
503,No I just need the phone number. Thanks,1
1187,we were discussing the new features when suddenly the whole thing just,0
1787,the way the team responded to the changes dont you find it,0
609,kinda weird how da coffee machine always breaks on mondays,1
1873,"The new coffee machine works so much better, doesn't it",1
714,yeah yeah okay that clears up the confusion bout timing,1
1931,thats what they told us wasnt it but then I heard,0
1754,about the help you provided today and I was wondering if maybe,0
1058,Can you show me examples? Real-world examples of what you mean,1
1378,"Could you tell me where the-- perfect, I found Room 203 for Professor Chen's class",1
1655,The travel agent suggested several interesting destinations in,0
570,aint nobody told me we was sposed to bring food today,1
437,ah shoot I need to reschedule my dentist appointment for next week,1
1676,The neighborhood committee approved the new playground design,1
1471,my experience in software development oh you worked there too spans over fifteen years now,1
302,"My phone number is 555- sorry, 556-7890, you can reach me there",1
1793,need the taxi details,1
1744,"Yes, but i need to book four more people as well",1
990,i want indian food,1
1967,kind of like,0
1228,can someone tell me where the oh i located the backup files in the cloud,1
564,boutta start my new job next week at the mall,1
440,man oh man that concert was the best performance I have ever seen,1
818,Was proper calm still yeah but then mans started to,0
1294,"Our team of 16 developers will be attending the tech summit on May 15th, 2025",1
914,she said to bring cookies chocolate cookies for the party tomorrow,1
1030,I am not particular. Where are they located,1
1513,machine learning algorithms could thats not what I meant as the data suggests,0
775,I am interested in moderately priced international food,1
1444,"Can someone explain the new-- got it, rule changes take effect next week",1
377,time to say bye but first what about those,0
1506,I need the table booked for monday at 12:15 for 3 people. Thanks. Also could i get the ref,1
610,I need to find a four stars hotel in the north that has indoor free parking,1
283,she told me that the document was um you know how sometimes you cant quite remember the,0
272,"deadass just fixed that blocking issue in like 5 minutes, I'm too nice with it",1
1560,after reviewing all the candidates ... we decided to promote sarah from within,1
1852,"You must have seen the email about the changes, didn't you",1
117,I also am looking for a train on wednesday leaving peterborough,1
1311,Could someone explain why the database is kind of like,0
1575,the development team mentioned something about ... which makes me wonder,0
514,Prolly gonna stay home this weekend cause I'm tired,1
1087,Should we try a different format? A more structured format for this query,1
1654,Can you recommend one and give their post code,1
84,Number of participants attending the,0
633,What about the biggest one,1
1760,about the ticket reference number 8GVKNM9J and the payment process is,0
3,I need the train for Saturday and I'm going to cambridge,1
1862,No please,1
1825,"You'll need your security badge to access the new wing, won't you",1
383,oh wait let me just uh try to remember what she said about,0
339,booking a taxi to Broughton House Gallery but wondering about the traffic and,0
1545,looking at these test results it seems like,0
1120,I've been trying to access trying to access my dashboard but it,0
1814,That is unfortunate. I can cut my stay down to a single night if that helps,1
1249,could you check if the system is i ran the diagnostics everything passed,1
1711,If we could implement a caching mechanism for the,0
975,"We should review the metrics, the Q1 metrics before the call",1
138,"I am also looking for a attraction called queens' college, can you get me information on that",1
1550,the presentation slides need more ... but im not exactly sure what kind of,0
891,whew that new car looks absolutely amazing,1
1936,youll need your passport for this trip wont you,1
1927,The package will be delivered between 1:00 PM and 3:00 PM today,1
1904,"That's really impressive how you handled the meeting, wasn't it",1
1195,im trying to figure out why the database keeps showing these,0
435,whew finally I managed to finish reading that thousand page novel,1
1043,"I'm tracking your responses, your pattern of responses to edge cases",1
1690,I'm trying to get to the police station but somehow it got to,0
1629,I need to take a train to Cambridge after 09:30,1
732,"Yes, please provide the phone number",1
723,right i see and then you mentioned something bout,0
1309,"The system appears to be-- actually, the performance metrics look perfect now",1
116,I need the departure time for that train,1
1416,Have you seen where they put the-- found the new tennis rackets in locker 204,1
669,hmm yeah yeah that makes way more sense than before,1
1008,"I'm blocked on authentication, blocked on SSO configuration specifically",1
982,Hotel near station,1
1203,i was looking at the reports and saw i fixed all the calculation errors,1
1369,We need to submit our projects by-- looks like we have until March 15th now,1
1169,the team wanted to know if we could maybe i mean unless you think we should,0
371,"The config file is in etc- no, var/config directory",1
227,"I-I was thinking about what you said about the, the project and I feel like",0
50,Yes. That's exactly what I'm looking for,1
40,Booking was successful. Reference number is : T4EHQENA. Anything else,1
1372,"Have you seen where the-- alright, found the study room on the third floor",1
145,Sounds good. Is there a ticket available on that train,1
977,I need access to the server - the development server in AWS,1
1721,"Ok, thanks for the",0
641,"Hello, I'm looking for information on the",0
1643,The weather forecast for next week's outdoor event shows,0
631,boutta start cookin some ramen cause im way too hungry now,1
909,I just need to leave after 08:45,0
27,I am looking for a cheap Chinese place that has,0
1175,when you get a chance could you take a look at the way the system is sort of,0
74,Still available,1
1370,i am planning a trip in cambridge,1
1648,That's all. Thank you very much,1
821,She kept saying arey listen to me while trying to,0
207,oh my my gosh the party was was so amazing and then we we all just,0
1994,with my sister,1
242,"I'm, I'm really disappointed in how the, the meeting turned out today",1
621,somethin tells me we shoulda taken the other route home,1
1948,this code needs to be refactored right,1
915,the printer in room twelve I mean the printer in room twelve needs new toner,1
1007,"The metrics look different, look completely different after the update",1
1426,Sounds great. That is a guest house correct? What part of town,1
182,the conference call was boring until they announced were all getting remote work options permanently,1
566,Gimme a sec while I try ta remember,0
1374,Remember when we used to hang out at that place where we would,0
979,"They're renovating the lobby, the main lobby on first floor",1
1671,The new coffee shop across from the park serves amazing pastries,1
1597,Device #45892 reported an error at 14:30 EST,1
1647,What is the phone number and address,1
554,Kinda thought maybe we could,0
1627,Could you explain the rates for,0
1473,I would like a moderately priced one on the east side,1
1410,When i tried accessing the course materials it kept showing,0
511,what should I do about the error message thats showing up in,0
1180,i was wondering if maybe oh i see youve already submitted the expense report,1
1020,"I've updated the workflow, the GitHub Actions workflow for testing",1
1995,since last Tuesday,1
1029,Thanks so much you've been a huge help,1
1300,I started working on the March report but something about these numbers,0
648,uh huh thats exactly what i was thinkin when they announced it,1
657,yep yep i hear ya bout the parking situation at work,1
289,the movie starts at seven no eight tonight at the mall cinema,1
1907,the client seems happy doesnt she though Im wondering if,0
1901,"The server's been acting up lately, hasn't it, and I think we should",0
1257,cant help you with that,1
1002,Have you seen my laptop my laptop that I left in the,0
1012,East part of town,1
933,yes I suppose we could try to,0
1665,The art museum is featuring a special exhibition on modern sculpture,1
1197,are we supposed to submit the oh the deadline got extended to next wednesday,1
469,"Hey listen, about what you mentioned earlier about the party that",0
1381,"I wanted to organize a-- wonderful, the surprise party is all set for Saturday",1
1623,order number four five seven two one and,0
18,What are the phone numbers for these colleges,1
400,oh hey speaking of what happened at the party when we were all,0
300,We're meeting at 3- I mean 4:30 PM at the conference center,1
1687,The winter farmers market will continue through the end of March,1
1737,"It does not matter. I am looking for a place to go in the West, please",1
798,"Yes, I was also looking for a place to stay somewhere in the north",1
1028,"I've fixed those issues, those linting issues from code review",1
1562,this painting technique requires ... at least three layers of watercolor,1
1079,Let's try another approach - another SYSTEMATIC approach to this problem,1
984,Im trying to remember the details the details about how we were,0
940,the client wants to meet wants to meet next Wednesday afternoon,1
1172,we need to discuss the budget for i pulled the numbers and were under target,1
324,I thought maybe if we could sort of um you know like when,0
1971,just as we were,0
257,im lowkey obsessed with how these sneakers look on me ngl theyre bussin,1
894,oh my god the surprise party actually worked,1
1463,children learn better when they not always true have hands on experience with the materials,1
539,"I was going to— Actually, I'm not sure what I was",0
942,I need to find my notes my notes from the meeting where,0
467,how are we supposed to handle the situation with the,0
1728,yes. book for 3 people,1
597,woulda helped ya earlier but i had this thing to do,1
286,the reason i called was because yesterday when i oh wait thats not what i meant to,0
385,yes the new security protocols are now fully implemented,1
1989,and then she,0
1074,Can we split the bill? Split the bill between four credit cards,1
1607,Is the museum open,1
1350,"I've been meaning to reconnect with-- oh, she just sent me a friend request",1
1107,I'm checking on my refund status - my refund from Order #LB-443,1
86,I was wondering if it would be possible to get the reference number now because I need to finalize some,0
1476,if we consider the financial implications of no thats not right and then the quarterly,0
750,"Right right, just like in that training video we watched",1
1691,Before pushing to production we need to make sure that the security,0
1579,during the meeting i wanted to bring up ... but i wasnt sure if,0
758,Which one would be best for dinner tonight probably,0
586,betcha cant guess what i got ya for ya birthday,1
1759,when you checked the logs didnt something seem,0
1331,We were supposed to meet at the-- I see they changed it to the new café downtown,1
656,I need a taxi from thanh binh,1
367,"The staging server is dev1- sorry, dev2.example.com",1
1668,The city council voted to expand the bike lane network downtown,1
1658,The spring flower show tickets went on sale this morning at nine,1
249,bruh the way them people at the store was trippin bout my,0
246,yo that new coffee spot downtown is straight fire the vibes are immaculate fam,1
896,"cool, that's all i need thanks",1
743,"Uh-huh, and then you were saying something about how the",0
992,"Hey @latishab, I need your review - your URGENT review on PR-2025",1
375,hmm yeah I definitely think the blue paint matches better with our furniture,1
120,and maybe adding,0
98,That sounds great. I'll need a reservation for 6 people for 4 nights on Thursday,1
1553,considering all the recent changes in ... and whether we should even,0
719,ah gotcha now i see why they changed the process,1
9,Yes please. I need to find a hotel on the north end of town. An expensive hotel,1
178,I am also looking for a train on sunday,1
528,Ain't nobody told me nuthin bout the meeting change,1
1329,Do you remember that time when we all went to the lake and suddenly,0
1866,"You're going to the meeting tomorrow morning, aren't you",1
1764,the cats been sleeping all day hasnt she,1
703,"No, but could you book a room on Tuesday for me please",1
179,these new shoes are really uncomfortable hey did you hear about the,0
1361,"I can't seem to find my-- nevermind, my calculator's in my locker",1
945,It will just be a table for one. Go ahead and book it,1
1923,the concert was absolutely worth it wasnt it,1
1335,Which one is better? This or that,1
332,"Send these files to latisha- oh sorry, I meant latishab with a 'b",1
1839,"The conference room needs to be booked in advance now, right",1
1822,"That presentation template looks much cleaner now, wouldn't you agree",1
58,Fez Club sounds great! Is the phone number available,1
308,Please call Sarah- I mean Jennifer in HR about the forms,1
1133,Yes. That's right,1
331,"My laptop password is Hunter2- no wait, it's Hunter3 now",1
1275,we need to discuss the new i drafted the proposal for next quarter,1
107,"Not today, thank you",1
1334,"I was thinking of calling my old-- oh, Sarah just texted me this morning",1
1261,"Actually, I would prefer the cinema",1
678,ah yeah i was just thinking bout what you said regarding,0
1385,I was just about to start studying when my laptop suddenly,0
925,she mentioned something about the conference the conference that was supposed,0
362,The security patch needs to be applied to all the um where was I,0
168,They said yes,1
813,My sensei was explaining something and then he just,0
572,lemme telya sumthin bout what happened at school today,1
1884,"no, i dont mind any",1
170,dealing with this customer service representative is making me so,0
1818,"Even though it was r raining, I still I still managed to finish my morning run",1
1944,the meeting starts at two oclock doesnt it,1
1578,Ithe recipe calls for letting the dough rest ... exactly twenty four hours,1
599,aint nobody ever told me why they always be,0
1677,"Thanks, I will need the reference number",1
1736,"According to the metrics, our platform usage has doubled since January",1
846,I would like to find a restaurant in the centre,1
1009,"The documentation needs updating, needs updating after the Q1 changes",1
420,gosh darn it I accidentally deleted all my vacation photos from last summer,1
473,"Hey listen, I really appreciate you taking the time to explain this to me",1
1532,social media engagement metrics those figures arent right while user interaction,0
1669,"Actually one more thin, I need a taxi from the hotel to the restaurant, I want to leave at 09:45",1
387,geez that movie was absolutely incredible from start to finish,1
1317,We might need to consider-- I see the team has already addressed that issue,1
493,"Mmm, I was thinking about what you said regarding the whole",0
1538,about the taxi pickup time at the college and maybe,0
38,"Uh, I was hoping to get a taxi, but",0
913,considering the neonatal unit's phone number and wondering if they also,0
65,"so i checked the menu and, um, the price was lower before but now",0
1957,they usually close at nine right but sometimes,0
730,"Ah gotcha, that explains the confusion in the meeting",1
1253,when you get a chance could you review the way that the system,0
950,about the price range and uh,0
1055,Can you remember where we saved those presentations those presentations from,0
1837,"Those quarterly reports look much better than expected, wouldn't you say",1
1468,I tried executing the new play but then everyone,0
1397,"Not right now, but could I have the postcode",1
1675,The local library has extended its weekend hours until eight pm,1
989,considering a guesthouse with free parking and also maybe some sort of,0
1614,Flight AA4527 is delayed by 45 minutes due to weather,1
1848,"That new Italian restaurant downtown is amazing, don't you think",1
1824,"I don't need a taxi, thanks for asking",1
463,"Hmm, you know that feeling when you're trying to remember",0
1141,Could you check my case number? My support case #2025-0312,1
1078,"I'm comparing your responses, your different responses across multiple prompts",1
1738,The conference room needs to be booked for next Thursday's meeting,1
1017,The dashboard isn't loading - the performance dashboard in Grafana,1
711,"No, that sounds good",1
1454,considering the west one and wondering if they have,0
461,"Oh wait, I just remembered something about the project that we",0
446,mm I wonder if perhaps we should consider how the,0
23,I would also like it to include free wifi and have a star rating of 2,1
778,"Mhm, okay, I see why everyone voted for that option",1
173,that was absolutely the best concert I have ever been to in my entire life,1
851,"Not at this time, Thank you",1
483,"Oh my gosh, so there I was in the grocery store when suddenly",0
926,the system keeps showing an error showing an error whenever I try to,0
1731,Please remember to log your hours in the new timesheet system,1
553,Ain't sure if I should mention how they,0
607,Centre has some,0
823,bro why you moving so challah take your time with it still,1
1715,heading out now bye will finish this tomorrow,1
949,Im trying to access the portal the company portal but it keeps,0
320,"The document is saved under Project X- sorry, Project Y final version",1
85,Yes please try the Shiraz Restaurant,1
521,oh before I forget I wanted to ask about the,0
494,"Yikes, I definitely should have brought an umbrella to work today",1
1812,I would be at Times Square on,0
384,oh my gosh these shoes are so comfortable I need to buy another pair,1
265,"Man, I can't believe how fire these commits are looking rn",1
710,oh right right now i understand the whole situation,1
73,"No I think that's everything, thanks",1
1621,The temperature in Lab 3 must remain at exactly 22.5°C,1
1689,The movie was interesting until the part where the main character,0
1010,I can't seem to find the document the document where we outlined,0
1190,im not sure if we should i tested the new feature and it works perfectly now,1
1998,no that takes crare of it,1
1423,During training someone mentioned that the team might,0
1149,the system keeps showing errors whenever i try to well actually let me just,0
1281,5 people for 4 nights starting from monday,1
1252,are we supposed to submit the oh the deadline got extended to next wednesday,1
1539,the artificial intelligence system learned ... to recognize complex patterns in data,1
1893,"The deadline seems pretty tight, doesn't it",1
956,I was wondering if- if maybe we could sort of,0
61,no hang on let me think about,0
772,"Uh-huh, now I get why everyone was so excited about it",1
1702,Please see what you can find out about jesus college,1
616,prolly need ta get more printer paper from the supply room,1
1704,I would not mind finding one with free wifi,1
345,"Please assign this ticket to Team Blue- uh no, Team Red instead",1
1570,looking at these analytics it seems like ... but then again maybe,0
759,I'll need those documents signed and returned by Friday afternoon,1
1720,Yes could you reserve that for me for 2 nights from Thursday for 3 people. I will need a reference number as well,1
404,leaving on Thursday and considering the train schedule at around,0
280,the thing about the project is that well you see what im trying to say is like when we,0
1094,Let's review your suggestion - your LATEST suggestion about the code,1
598,sposed to rain all week but the weather keeps changin,1
1349,My best friend from elementary school tried to explain why she never,0
1943,were supposed to meet them there arent we or should we,0
1399,How about for 10:15,1
513,What other cuisines are available for a moderate price range in the centre of town,1
1090,Can you verify this information? This technical information you provided,1
1268,i wasnt sure about the requirements but i found them in the project brief,1
1598,Here's the invoice #45721 from January,1
721,mmhm thats exactly what i needed to know bout the update,1
1557,I would like a swimming pool at the centre of town,1
2,"I actually really need a booking in the east. Is it possible for you to book me at the Express Holiday Inn by Cambridge instead? For Tuesday, 3 people 4 nights",1
291,can you pick up some milk and uh bread and oh yeah eggs from the store,1
1474,During the final quarter when we were about to,0
474,"Geez, I had no idea planning a wedding would be this complicated",1
75,"What do you recommend? I will be need the address, entrance fee, and postcode for what you recommend please",1
184,i burnt the cookies i was baking but that led me to discover this fantastic bakery down the street,1
1291,"Have you seen the latest-- yes, I notice you approved it this morning",1
1332,My oldest friend was telling me about how she wanted to maybe,0
1932,theres no way to fix this anymore is there,1
768,Is that in the center of town,1
319,Before we start I just wanted to say that um well the thing is,0
323,They mentioned something about implementing the new uh what was it,0
974,I think we should review the policy the policy about how we,0
898,but I thought when we discussed the,0
924,could you help me find the file the file that has the,0
807,The professor was explaining and then said donc basically we all failed,1
1954,those shoes look brand new on you dont they,1
1723,"Again, thanks for",0
1086,the way I see it if we could somehow manage to coordinate with the development team on this specific feature then perhaps we,0
1956,that new restaurant was amazing wasnt it,1
1144,"Yes, book me a table for 2 people at 12:15 on monday",1
1446,"We were planning to practice-- right, the field's available after lunch",1
1225,does anyone know how to i found the solution in the documentation wiki,1
808,Maybe a guesthouse would have free wifi and,0
667,oh yeah yeah so when they were explaining how the,0
1163,were trying to figure out how to the new process is now fully documented,1
1953,youve already finished the report havent you,1
391,whoa hang on did you see that just now when the,0
1664,My grandmother's secret recipe requires special ingredients that,0
626,imma tell ya the real reason why they was,0
569,Finna explain why I couldn't make it to the,0
1827,"The client's been asking for updates, hasn't she, and I thought",0
488,"Wow, speaking of what happened at the restaurant when we",0
1272,the security team mentioned some i implemented all the required patches,1
769,"Yeah yeah, exactly what I thought about the new policy",1
532,There will be 8 guests,1
489,"Er, you know how sometimes when you're trying to explain",0
782,Yo that's bare jokes still bruv wagwan with people these days,1
1478,lets schedule the meeting for I cant make it sometime next week when the,0
1792,if we look at these metrics dont you feel that maybe,0
1391,"I couldn't remember if we needed-- checked my notes, it's due by midnight",1
1321,"Do we need to wait for-- no, all the tests passed successfully",1
223,yes I can definitely help you with that task right now,1
198,"All that sounds perfect. I just need the price on one train ticket, please. Thank you and have a nice day",1
1250,considering the north and moderate price range and maybe something like,0
1033,"I'm allergic to nuts, allergic to ALL nuts including pine nuts",1
923,I need to find the blue folder the blue folder in the bottom drawer,1
34,I want to find a train leaving Cambridge and going to Bishops Stortford. Can you help me,1
943,can you send me those files those project files from last weeks meeting,1
704,I need a train that leaves after 11:00 and goes to Cambridge,1
1960,by taking the bus,1
1108,Have you received my documentation? My warranty claim documentation,1
325,"We need five- no, make that six copies of the report, please",1
1590,"The shipment of 275 units will arrive on March 15th, 2025",1
436,hey thanks so much for remembering my birthday and sending that card,1
317,"Can you send this to Daniel- oh wait, I meant David in marketing",1
969,could you check the status the status of that order that we,0
1706,looking at the Parkside police station location and wondering about the exact,0
1523,she finished writing her novel ... just before the submission deadline,1
1318,not sure about that,1
751,"Ah yes, yes, that's exactly what I was trying to remember",1
221,the the team did such an an amazing job on the project we we exceeded all goals,1
131,I can't bare to watch the adds on this website anymore,1
834,My abuela started telling me mira mira and suddenly,0
1924,these files need to be encrypted dont they,1
1524,the mathematics professor ... explained the concept in a way that finally made sense,1
1533,i was thinking about what you said regarding the ... and whether we should,0
1136,The product isn't working - the device I purchased last week isn't working,1
141,Considering the gallery but what's,0
237,i cant find that,1
1752,The weather forecast predicts heavy rain throughout the weekend,1
26,"Thanks, that's all I need today. You've been a great help",1
1882,"You'll be attending the workshop next week, won't you",1
1916,that jacket looks perfect on you doesnt it,1
1935,everyone loves chocolate cake dont they,1
450,er well the thing about what we discussed earlier was,0
39,"Actually, I was about to call a taxi when I realized",0
1913,the wifi seems faster today isnt it,1
1456,we could try the new restaurant I heard its expensive downtown they have amazing reviews online,1
1807,when you mentioned the budget cuts werent they supposed to,0
869,my yaar was telling me something bout how the situation,0
1451,the data shows that customer satisfaction well actually increased by thirty percent over the last quarter,1
12,I'm looking for a train that goes to cambridge and leaves on friday. Any ideas,1
1115,No I believe we got everything covered today.Thanks. Goodbye,1
1420,We were in the middle of the game when something about,0
841,your girl really said sayonara and blocked me everywhere,1
451,gosh its like whenever I think about how people sometimes,0
321,So if you look at the diagram on page- no wait let me just,0
210,these these headphones are are just so uncomfortable i i need to return them right away,1
988,"I've updated the document, the requirements document in SharePoint",1
1341,"My best friend from college was-- you know what, she's coming to visit in April",1
797,Man's really pulled up like konnichiwa y'all and left straight away,1
1432,The tournament schedule showed that we might need to,0
1005,They were talking about the changes the changes to our,0
1165,I am also looking for an attraction called the kettle's yard,1
1700,"Yes. I need free parking, and I prefer the southern part of town",1
372,Run the script with Python 2- I mean Python 3.8 or higher,1
1314,"Can someone explain why the-- oh, I found the documentation you shared",1
1495,medical research indicates that actually I read when patients undergo,0
590,cmere and look at what the cat did to the curtains,1
1551,the training program successfully prepared ... fifteen new certified instructors,1
135,We should higher someone to fix the broken printer,1
816,"Well, you see, the thing about the- about the project is that um",0
1367,"Yes, please book the TR8431 train. Thank you",1
902,Im looking for Sarah from accounting Sarah who handles the payroll systemell,1
1697,that is it for today. thanks for helping,1
1872,"I've been working here for five years now, haven't I",1
439,geez how do people even manage to deal with all the,0
1772,when discussing the new policy dont you wonder whether,0
1912,theyve changed the schedule again havent they,1
602,Sounds good. I need the postcode please,1
1851,"You've seen how they handle these situations, haven't you, like that time",0
457,"Oh my goodness, that was the most delicious pasta I've ever tasted",1
1060,I need to figure out the schedule the schedule for next,0
1430,Our team captain tried to explain why we should,0
1492,advanced robotics technology enables wait let me explain precise surgical procedures,1
1412,I thought our team practice would-- looks like Coach rescheduled for Thursday,1
1917,Maybe there is one but i think it uhm,0
1541,the historical documents revealed ... a completely different version of events,1
1099,Can you remember our context? Our previous context from this session,1
1888,"This new framework is much more efficient, isn't it",1
618,Are there any 1-star hotels with free parking,1
1685,Bye,1
803,I was like waiting there and then he says mach schnell and starts running,1
603,hafta admit dat new security guard is doin a real good job,1
309,"The password should be Capital P- um, no, lowercase p, followed by 2023",1
1515,that restaurant downtown ... serves the most authentic thai food ive ever tasted,1
14,"You know, it’s kind of weird because",0
561,Bout ta start cookin dinner if ya wanna join,1
214,the new the new software update is is making everything run so so much smoother now,1
7,"Goodbye, that is all for today",1
839,my nani always says beta eat properly otherwise youll get sick,1
1512,the software update needs to be installed ... before we can access the new features,1
640,considering the expensive options at peking restaurant and maybe,0
298,"Could you grab me that file- the blue one, no the RED one from my desk",1
1129,I need technical support - immediate technical support for my device,1
399,i am looking for a expensive place to eat in the centre,1
1145,"No, that's not right. We need to do",0
416,oh my goodness that sunset over the beach was absolutely breathtaking,1
854,i told my nani about what happened and she just started,0
543,Ya know how sometimes when yer tryna explain,0
1181,can you tell me where the i found the missing files in the backup folder,1
202,my my daughter she she did so amazing in her in her first dance recital im so proud,1
1777,thinking about the new project timeline isnt there a way to,0
1521,i think the best way to learn piano is ... actually through daily practice with a metronome,1
1357,I would like to book a taxi to commute between the two places,1
1159,i was thinking we should maybe we need to schedule the team meeting for next tuesday morning,1
860,That was all I needed,1
696,Can you look at the cheap price range for me please,1
817,She really said vale vale and then ghosted everyone après ça,1
1977,next to Sarah,1
1394,"Was anyone able to access the-- oh good, the server's back up finally",1
388,hey you know that thing where people sometimes,0
175,i was really frustrated with the traffic today but seeing my daughter win her science fair made everything worthwhile,1
878,giggle hehe that meme you sent was actually hilarious,1
146,"No, that's all I need today. I appreciate your help",1
310,When you get to the part about the budget uh like the section where we,0
1390,The library hours might be-- they've extended them for finals week now,1
165,meeting you has changed everything and made my whole world brighter,1
1979,if you want to,0
1845,"We could try that new approach, couldn't we, if",0
1899,"We should implement these security patches first, shouldn't we",1
235,"Oh my, my heart started racing when I saw the, the email from",0
735,"That will be all, thank you",1
187,"Yes, that will be all. Thank you",1
328,"The deadline is next Monday- no, Tuesday at 5 PM sharp",1
1348,"Do you think we should plan the-- great, the friendship bracelets arrived today",1
1841,"They moved the deadline to next Friday, didn't they",1
1222,can we discuss the way that the system is kind of whenever it,0
1962,during summer break,1
1226,i was just about to start the deployment when suddenly the whole,0
1142,I need to verify my identity - verify my account details right now,1
1453,the project deadline needs to be hold on a sec extended until next month due to technical issues,1
438,oh right now I remember where I parked my car in the garage,1
1162,do you know if anyone has i already updated the project timeline,1
330,Let's schedule it for May- I meant June 15th at 2 PM,1
1640,"That is everything, still ironing out details, so I will call them later, thanks for your help",1
1855,"We should probably tell the manager about this, shouldn't we, considering",0
1861,They're supposed to deliver the hardware today arent they unless,0
1745,They've implemented a new recycling program in our office building,1
1889,"We've already discussed this in the standup, haven't we",1
882,squeal eeeee I can't believe I got the job offer,1
501,"Hi, I need a moderate price range restaurant in the centre of town",1
46,uh i was expecting the fare to be lower but,0
635,Still got some questions about city centre though maybe we can,0
530,Shoulda seen how many people was at the mall today,1
1343,"Should we invite the group to-- perfect, I notice you created the event already",1
1256,i started analyzing the performance data but then i noticed that it,0
1061,Price does not matter,1
1809,if we consider the previous results dont you think we should,0
811,Bro that's cap fr fr على راسي I wouldn't lie about this,1
303,"I'll take the chicken salad- actually, make that a Caesar salad instead",1
668,not really sure because I have to,0
201,when when i tried to to explain the problem they just kept um kept,0
102,Thank you very much. Will they be contacting me,1
1461,We need to figure out the batting order unless someone,0
1770,given the current situation dont you suppose we might,0
1470,I am not sure of the type of food but could you please check again and see if you can find it? Thank you,1
1641,During the town hall meeting several residents expressed concerns about,0
1638,The magazine article mentioned an interesting method for growing,0
1784,You're welcome,1
1255,4 people for 5 nights starting Sunday and I also need the ref # too please,1
434,well actually now that you mention the way that sometimes,0
376,ugh fine I guess we can go to that restaurant you suggested for dinner,1
991,Can you check the status check the status of that thing where we,0
277,i need to book a flight for next no wait for this thursday I mean friday morning to chicago,1
1684,Our neighborhood watch program has reduced incidents significantly,1
484,"Well, the thing about why I couldn't make it to the event",0
1505,cognitive behavioral therapy can let me stop you there when patients experience,0
559,we need to figure out what happened to those files that were in maybe,0
1414,The swimming competition might be-- I see it's scheduled for March 12th,1
1548,the research team discovered ... a previously unknown species of butterfly,1
937,Of course,1
809,She's acting all extra y todo just because she got that promotion,1
413,"No, that is all for now",1
1749,The conference room needs to be booked for next Thursday's meeting,1
725,uh huh mhm and then the part where everyone was,0
1259,"Thanks so much for stepping in. I was about to lose it. Yes, this is all the information I need. Thanks. Goodbye",1
363,Looking at the error message it seems like the uh when it tries to,0
689,uh huh and then what was that thing you mentioned,0
460,Hi there. Can you help me find a restaurant in the centre,1
1191,did someone already update the documentation for the new,0
1844,glad we covered all the necessary information and now I'm wondering,0
655,mmhm yeah and when you were saying bout the way that,0
1065,What's in the combo meal? The lunch combo meal for $15.99,1
369,"Change the port to 3000- actually, make it port 3001",1
1483,when I checked the system did you see the error there was something wrong with,0
1418,"Could someone check if the-- great, the gym equipment's all set up now",1
1604,We currently have 892 active subscribers on our platform,1
230,"I-I'm feeling really, really excited about this new job opportunity",1
1805,the way they handled the situation wasnt it just,0
1965,cant do the west one,1
1518,the documentary about deep sea creatures ... really changed my perspective on ocean conservation,1
470,"Ugh, fine - I'll clean my room and do the dishes right now",1
313,I'm trying to remember who was supposed to uh which person was going to,0
737,"Oh right, right, just like what happened last summer",1
295,i think john no james is the one who handles the uh technical support requests,1
754,considering a moderately priced guesthouse but maybe something a little,0
1429,think thats all for now,1
1407,The teacher was saying something about the final project and,0
620,aint nobody ever seen anythin like what happened at the game,1
1969,under the table,1
1631,Your package weighing 12.4 kg will cost $78.50 to ship,1
964,"I'll need your signature, your DIGITAL signature by EOD",1
45,"I don't need a reservation, I just need the postcode",1
623,I need to go to Peterborough on Tuesday please,1
60,you know i only have a ten so,0
1955,she definitely knows about the surprise party doesnt she,1
100,I need a taxi to take me to Pipasha Restaurant to leave after 01:45,1
378,I need that reference number to confirm my,0
1448,I think we should definitely yeah but go to the beach this weekend since the weather will be perfect,1
1365,"The final exam schedule was-- actually, they just posted it on the portal",1
1776,concerning the feedback from users havent you noticed how,0
344,"The API key expires in May- I mean April 2025, actually",1
550,Gonna hafta ask my sis if she wants to come too,1
1909,weve seen this pattern before havent we whenever the,0
444,oh right before I forget I wanted to ask you if maybe,0
1271,should we wait for the other no everyone confirmed their availability,1
124,If you could just weight over their until the,0
1143,"I'm sorry, could you actually amend that train reservation for 2 people instead? Also, I will need the postcode for Milton Country Park we talked about earlier",1
1013,Did you see my message? My Teams message about the outage,1
1238,Is that postcode correct for,0
638,that sounds really good where is it,1
1964,only on weekends,1
1898,The security audit looks promising doesnt it however there's,0
1477,the main reason I wanted to discuss excuse me but because yesterday when,0
1653,"Yes, I also need to book a train for Monday. Can you help me with that",1
845,she kept saying por favor listen to me while trying to,0
1131,"The installation guide is missing, missing from my delivery package",1
0,leaving from Stevenage on,0
673,mhm okay and then you mentioned something bout,0
445,I was wondering if it would be possible to find out more about the availability of rooms at both hotels for a three-night stay starting on,0
903,the new software update the mandatory update needs to be installed today,1
686,okay okay so let me see if i got this part where,0
594,dunno if ya heard what they was sayin bout the,0
912,Im trying to remember his name his name from the sales,0
28,yes provided that everyone agrees to,0
136,"That's too late. I need something that arrives by 8:00, please",1
1396,"The study guide doesn't mention-- hold on, it's in the appendix section",1
1637,When planning the summer vacation we should consider whether,0
1052,I need one leaving after 17:00,1
538,"Actually, for 4, please",1
908,booking that train for 3 people and,0
916,Is that in the west area. I really would like to be in the west,1
1558,the weather forecast shows that next week ... will be perfect for our outdoor event,1
647,Make it for 11:15,1
1338,Is the system back up? Can you make that booking I asked for,1
999,"I'm updating my status, my project status for the March report",1
205,oh my my gosh the party was was so amazing and then we we all just,0
1209,the client requested some changes to the i think we need to consider,0
789,My mum keeps saying arey beta clean your room it's looking gandi,1
697,in the middle of,0
613,I'd need to arrive by 15:45 please,1
1244,the client feedback suggests that we might need to unless we,0
1096,"I need to adjust my prompting, my prompt engineering technique here",1
733,East part of,0
1520,my grandmother taught me how to make this recipe ... when i was just starting high school,1
1915,youve heard about the merger havent you because apparently,0
785,My tita always says anak you need to eat more kain tayo,1
824,Could you please get me the phone number,1
1153,we should probably wait until no lets proceed with the deployment right now,1
152,wow this new recipe turned out absolutely wonderful,1
605,gimme a sec while i try to member what the,0
1089,"I'm testing your consistency, testing your response patterns specifically",1
1353,Should we try to reconnect with the old group or maybe we could,0
1968,while they were,0
1834,I'm looking for a 4-star guesthouse that has,0
1325,They wanted to know if we could possibly-- but then the whole thing,0
738,"Mmhm, that's precisely why I suggested the changes",1
240,"The, um, the sunset tonight is just, just breathtaking, I can't look away",1
490,Hey wait - that's exactly what I was trying to explain yesterday,1
1168,the system keeps showing these i managed to resolve the connection errors,1
1708,Let me check... Uhmm,0
1044,Do you have any vegetarian options? Strictly vegetarian options on the menu,1
1937,Are there any with free wifi available,1
20,"Actually, I know I said *after* we finish at the restaurant, but it turns out I need the",0
1260,they asked about the status of i sent the progress report this morning,1
211,Let me see... no that's all I need. Thanks. Bye,1
850,"I just need to know the how many stars it has, the phone number there, and if they have WiFi",1
297,"I need to send this email to Mark- no, wait, to Mary from accounting",1
352,"The database backup runs at midnight- sorry, 1 AM EST daily",1
1303,Can you find a train going to Cambridge that leaves after 19:45,1
1283,"Could we review the-- actually, I see you've marked it as urgent",1
674,right right and then what happened with the whole,0
164,the service at this restaurant was horrible and the food was inedible,1
1354,Is the restaurant open at,0
1053,The way you're processing my input processing my questions seems different than,0
624,no this approach will not work with our existing infrastructure,1
370,"Install version 2.1- hold on, version 2.1.2 specifically",1
374,oh wow this recipe turned out exactly like my grandmothers used to make,1
1210,wrapping up here goodbye meeting was productive,1
1695,The user feedback indicates that the interface might be too,0
676,Price doesn't matter. I would like to book a table for 7 people at 13:00 on Sunday,1
580,tryna figure out how to work this new phone system,1
1803,these new headphones sound amazing right,1
1215,the team suggested we should i spoke with leadership and got their approval,1
876,mmmph need to stop staying up so late watching shows,1
939,the coffee machine is broken the one is broken on the third floor,1
1110,The system locked me out - locked me out after three attempts,1
1494,analyzing customer feedback shows those numbers are wrong through the,0
867,sigh finally managed to finish all that paperwork today,1
726,okay yeah yeah that explains the email from earlier,1
1727,Something in the South part of town would be great. Any cuisine is fine,1
745,yes please I would love to join the project team,1
578,"Yeah, I need a reservation for 4 people on saturday at 12:30 please",1
693,oh right right and then the part where they were,0
21,"No, I need 17:15 on Monday. Perhaps a different",0
1280,"I was about to send the report, but-- oh, Alex already submitted it",1
650,oh yeah yeah that makes perfect sense now that you explain it,1
1198,leaving Stansted airport on Tuesday and trying to figure out the train to,0
642,Hi! Would you please help me find a hotel to stay at,1
1424,"Did anyone record the score from-- yeah, we won 3-2 in overtime",1
1826,"The team's performance has improved significantly since January, hasn't it",1
1308,Would it be possible to-- I see you've already granted the access rights,1
1192,could you possibly look at the oh i notice youve fixed the formatting issues,1
573,yknow i wasnt gonna say nuthin but that movie was terrible,1
1021,Can you review my commits? My commits from last night's hotfix,1
1427,I started warming up but then my shoulder kind of,0
731,"Oh right, so if I'm understanding correctly about what happened",0
69,I will be traveling to sidney sussex college and then somehow,0
571,dat new burger place downtown is prolly the best one yet,1
268,"sis really came through with that bug fix, we love to see it periodt",1
125,Please weight hear while the system processes your request,1
1633,What are the travel times for those trains,1
254,keep tellin yall bout how these folks be movin so shady and like,0
545,The ceremony starts at half past two in the afternoon,1
781,He was like szkoda że nie przyszłaś and I just stood there confused,1
1868,We discussed this in the meeting didnt we before everything,0
1186,im trying to understand why the system keeps i mean if we could just,0
1895,"They're planning to merge these branches soon, aren't they",1
410,ugh honestly the traffic today made me arrive thirty minutes late to work,1
688,right got it so thats how were supposed to handle it,1
525,I think it varies sometimes,1
153,these cookies taste so incredible and the chocolate is just so,0
1383,I started writing a message to my childhood friend but i wasnt sure if,0
966,Could you find a hotel that is near the,0
1202,the client wants us to maybe we should implement the new features now,1
424,hmm let me see if I can remember what she said about the,0
1128,Let me think about those options because I'm not sure if there's something that can,0
670,oh right right now i understand the whole situation,1
203,the um the customer service was was just terrible they they never helped me at all,1
911,I think we discussed this last week we definitely discussed this in the team meeting,1
1160,could you please tell me what do you when is the project deadline for the marketing campaign,1
160,this weather has destroyed all our plans and ruined the entire weekend,1
1500,our marketing strategy should focus we already tried whenever the target audience,0
694,Hello! I'm looking for some entertainment in the centre please,1
887,grunt hnng this box is way heavier than it looks,1
1843,"This new software is much easier to use, wouldn't you agree",1
1768,in terms of the deployment schedule isnt there a chance that,0
1961,from the grocery store,1
1296,"I'm not sure if we should-- looking at the data, it's clearly working well",1
1428,The referee was about to call the play when suddenly,0
1587,Building 342 requires maintenance on the 3rd floor,1
271,ngl this new feature got me stressed cause the test coverage is looking,0
659,woulda been nice if somebody told me bout,0
1781,that concert was worth every penny wasnt it,1
1218,i wasnt sure about the deadline but i checked and its due next friday,1
665,"No, can you recommend your favorite one",1
78,"well, if the pasta is, um, too expensive then i guess",0
1830,"Yes, everything has been great so far",1
1498,considering the economic implications hold on a minute since the financial,0
753,"Mhm, okay, I see why everyone voted for that option",1
66,I'd like to leave after 15:15,1
405,ell like if you consider what happened last time with the,0
1531,the local farmers market opens ... every saturday morning at sunrise,1
215,that that movie was was absolutely um absolutely incredible i cant stop thinking about it,1
930,Im looking for that email that email where they mentioned,0
1502,the quantum computing research suggests no youre wrong when we consider the,0
1886,This feature was working yesterday wasnt it until someone,0
1592,before making the final decision we should ... because theres always,0
1583,I paid $429.99 for the deluxe gaming package,1
1611,Can you check why patient #4582 missed their,0
163,winning this award means everything to me and I feel truly blessed,1
147,well basically everyone agreed to meet at the coffee shop tomorrow morning,1
1716,The performance optimization reduced load times by forty percent,1
1371,"Do we need to include citations for-- yes, five sources minimum per guidelines",1
1184,the customer asked about delivery but i checked and their order shipped yesterday,1
685,okay yeah yeah that explains the email from earlier,1
1906,No. Just give me your best recommendation,1
1406,I thought maybe we could form a study group but then,0
71,I have no preference. can i please have the address and phone number of one of them,1
1514,Getting out of cambridge for awhile going to stansted airport and would like to leave anytime after 12:30 please,1
661,ahh right now i remember what happened at the meeting,1
1642,The local food bank needs volunteers for their Wednesday distribution,1
1813,"The holiday party venue looks absolutely stunning, doesn't it",1
1709,It could be starting at 1:30 though I'm,0
1239,could you help me understand why the metrics are kind of like,0
57,Could you give me their address and phone please,1
1091,My device isn't connecting isn't connecting to the network after I tried to,0
1850,"She's taken over the project management role, hasn't she",1
936,I heard they hired someone new someone new for the marketing team,1
316,"The total comes to twenty- sorry, twenty-five dollars and fifty cents",1
193,my flight got delayed for hours yet i met someone who became my best business partner during the wait,1
1006,Have you tested the API? The new API endpoints we deployed,1
1561,the way the new software handles the ... unless im not seeing,0
671,mhm exactly thats what i thought about the new design,1
978,theyre asking about the budget the budget for the new,0
1085,The activation code the activation code you sent me doesn't seem to,0
654,mmkay yeah we definitely need to update the schedule then,1
1644,not sure about Saturday,1
1346,I wanted to tell them about the time we all went to that place where,0
366,going to Cambridge and then probably taking the train that arrives around,0
373,The testing environment keeps showing this weird uh whenever we try to,0
565,shoulda seen how many people showed up at the party,1
1034,Could you modify the salad? The Caesar salad without anchovies,1
1576,the strategic plan needs more focus on ... or at least thats what i,0
1620,"Please transfer $2,500 to account ending in 4721",1
90,I'm looking for a train departing from cambridge on wednesday,1
755,"Yeah yeah, that's exactly how it should be done",1
1150,do you think we should maybe i saw that you already updated the documentation yesterday,1
31,Book a table for 1 on friday at 19:45 please. I'll need to have the reference number,1
1609,goodbye team will send the updates via email,1
15,Sounds great! Can you set up a reservation,1
729,What time will driver,0
997,"The cloud deployment, the AWS deployment just finished successfully",1
1930,you must be tired after that long flight arent you,1
491,"Oh my word, this spicy curry is making my eyes water so much",1
81,Customer ID 78901 requesting,0
1245,"I also need a restaurant, preferably one that serves portuguese food and is the same price point as my hotel",1
780,The way she just said ciao bella and dipped was so extra,1
1027,The deployment failed the deployment that was supposed to,0
998,We need to discuss the budget the budget for that new project that,0
502,"Gosh darn it, I knew I should have backed up those files earlier",1
1786,"I'm a beginner with no experience, but I'm",0
504,"Ahh, nothing beats a hot cup of coffee on a cold morning",1
757,considering the noodle bar menu and wondering if,0
1405,"We were supposed to meet in-- right, Room 204 is our new location",1
1747,The client requested several changes to the interface including,0
1791,that meeting ran way longer than expected didnt it,1
1076,"I need to understand your parameters, your SPECIFIC parameters for this task",1
83,I will be departing from Avalon,1
465,Aha! Now I finally understand why the code wasn't working properly,1
95,Could you reserve us a room at the University Arms then? There are 3 of us and we'll arrive on Friday,1
1516,renewable energy implementation we should discuss before the infrastructure,0
1565,the customer feedback suggests that we might need to ... although im not certain that,0
1978,so anyway I,0
702,mm yeah yeah that explains why everyone was upset,1
196,the renovation project went over budget but seeing my parents smile in their new kitchen was priceless,1
662,uh huh right so if i understand correctly about the,0
871,ugh these meetings keep getting longer and longer,1
126,Did you here about the knew policy for parking passes,1
278,could you hand me the blue folder no the red one actually the green one on top of the cabinet,1
536,Betcha didn't expect to see me here today didja,1
1130,Have you processed my return? My return from Invoice #2025-0310,1
1829,"The traffic gets worse every year during tourist season, doesn't it",1
1307,"Okay, just let me get a reference number when you book it",1
568,dunno why they keep changin the schedule like dat,1
89,Account balance under $50 should be considered as,0
862,the sensei was explaining about how we should focus on the,0
1436,Should we warm up before the-- Coach posted the routine on the board,1
263,lowkey vibin with the whole setup but something bout it just makes me,0
1289,"Could you possibly check if-- perfect, the backup completed at 07:00 UTC",1
746,"Ok great, that is everything I needed to know. Thank you for your help",1
1975,maybe later if,0
724,right got it so thats how were supposed to handle it,1
1881,"The documentation needs updating, doesn't it",1
548,Whatchu think bout maybe we could,0
77,"well i’d leave a bigger tip, but it depends on um",0
1507,the conference room should be available ... right after the marketing team finishes their meeting,1
899,the document should be in the shared folder in the shared um,0
1820,"They're planning to renovate the entire office space, aren't they",1
1842,gonna head out bye just need to know if,0
1556,and the train code is 2A something right,1
879,huff phew that was such an intense workout session,1
22,yeah i want to book that hotel too. for the same group of people,1
1714,All development environments have been updated to the latest version,1
784,He started speaking and was like donc if you consider how,0
1122,The promotional code isn't working - the SPRING25 code on your website,1
1800,he couldnt have driven all that way by himself could he,1
1688,The latest build is showing some unexpected behavior in the,0
872,the Lensfield hotel's parking situation is kinda um,0
556,Dat new coffee place makes the best cappuccino,1
1696,The spring festival committee needs volunteers for next month's event,1
1755,The customer feedback survey revealed some interesting insights,1
552,S'posed to rain later but I dunno for sure,1
958,I meant train. I need a train ticket for monday,1
329,"The client's name is Thompson- sorry, Thomson with no 'p",1
1449,My teammate was showing me how to properly,0
1054,I need to figure out the schedule the schedule for next,0
106,"Any is fine, as long as it has free parking",1
122,I would like to stay in the north but can you try in the moderate price range and see if any are available,1
812,The way she just came in saying hola to everyone and then,0
1725,My kids are wanting to swim. What are the options in that area of town,1
407,oh boy this new video game is absolutely everything I hoped it would be,1
1072,Could you check if there's dairy? If there's ANY dairy in the sauce,1
1794,looking for a guesthouse with free wifi and somehow that's gonna be,0
1400,Did someone already submit the-- I can confirm it went through at 07:20,1
142,yes can you please. thank you,1
1636,"I need a cheap place to stay, what would you recommend",1
963,hmm do you mind if I borrow your charger for a few minutes,1
432,leaving Cambridge and arriving at Bishops Stortford on Wednesday around hmm,0
625,sposed to explain why the whole thing with the,0
1686,I've been working on implementing the new feature but there's an issue with,0
771,"Uh-huh, so when you were explaining that part about",0
1584,"Our team reached 1,000 subscribers yesterday",1
713,Thank you. I'm also looking for a hotel in the north with a star of 4,1
1347,"I wasn't sure if anyone would-- look, everyone RSVP'd for the reunion",1
1467,our survey indicates that most users but what about prefer the simplified interface design,1
972,Can you believe the deadline? The IMPOSSIBLE deadline they gave us,1
1014,"Great, thank you",1
1322,We were in the middle of the UTC conversion when suddenly it just,0
1657,no stars would work for me,1
836,Bro deadass said annyeonghaseyo to the Chinese restaurant owner,1
1154,the main issue seems to be that hold on the server capacity reached its limit at peak hours,1
396,phew finally I managed to finish that huge project before the deadline,1
1712,I would like something in the moderate price range and prefer a guesthouse,1
43,how about one that is in the expensive price range,1
1569,when you think about the long term implications of ... and how that could,0
506,"Whew, finally finished organizing my entire closet after six hours",1
1585,The temperature dropped to -15°C this morning at 6:00 AM,1
1324,"Have you noticed that the-- oh, you've already optimized the workflow",1
1549,the renewable energy initiative saved ... more than we initially projected,1
1854,I'm trying to find someplace to visit in town,1
113,I'm also looking for colleges in the south. Can you help me with that,1
788,Do they have tables available,1
1270,We were discussing the deployment schedule but then something about the,0
361,You'll find it in the docs- I mean the wiki section instead,1
425,I was thinking about the acorn guest house and wondering if it would be available for,0
675,"I purchased 12 tickets for the concert on April 15th, 2025",1
863,I am just looking for information. What kind of hotel? Hotel or guest house,1
1062,I'm trying to understand your limitations your limitations when it comes to,0
1480,I was thinking about what you said [thats not what I meant] regarding the project,0
829,the guy deadass said buenos dias in a chinese shop wallahi,1
44,"I am also looking for an attraction, some type of boat",1
49,Can you please check again? lan hong house,1
1217,wow this is exactly what I was hoping we would achieve,1
955,I really want that book that new book by Margaret Atwood,1
779,"Ah yes, yes, that's exactly what I was trying to remember",1
1707,"Thank you, what's the post code",1
1242,"Thanks! I'm also looking for an expensive, 2-star place to stay in the north. Do you have anything like that",1
1211,have you noticed how the dashboard is showing these weird i mean its like,0
1415,We need to confirm if the soccer-- Joseph already booked the field for us,1
1645,Before starting the renovation we need to consider the,0
1900,"We'll definitely need more developers for this sprint, won't we",1
1398,My classmate tried explaining the homework but something about,0
1263,im not entirely convinced that the current approach is you know how,0
1384,What are the theatres options,1
209,Thank you for the help,1
200,i i really love how this new phone is is so much better than my old one it works perfectly,1
128,Could you tell me wear the new,0
1693,We should schedule the deployment for after business hours,1
1612,"The new server can handle 10,000 requests per second",1
1666,The cherry blossom festival committee finalized all event locations,1
1088,trying to find a train from cambridge that arrives at london around,0
1377,"I need to submit my homework by-- oh, I see the deadline's extended to March 15th",1
1292,We need to discuss the budget for-- I see the numbers were finalized yesterday,1
1877,"We should probably start the deployment now, shouldn't we",1
1856,"They've completely redesigned the website interface, haven't they",1
815,I think around 20 p,0
382,um so like when I was thinking about maybe going to the,0
72,Yes. For one person for 5 nights starting from thursday,1
1767,I need 3 of them,1
1320,"The database was showing some-- excellent, the maintenance fixed everything",1
1158,i really dont think that the actually the new design looks much better than what we had before,1
239,"So I-I was in the middle of presenting when suddenly the, the",0
804,AYo fam that party was straight fire ngl wallahi it was the best one yet,1
1139,Can you escalate this ticket? This URGENT ticket from yesterday,1
859,Need to check availability for that time and,0
1634,and the cherry Hinton hall hours are,0
653,ah yeah i get it now the reports need to be done differently,1
1510,I would like to arrive by 15:00 in Cambridge,1
498,Gotta get up early tomorra for that dentist 'pointment,1
893,booking the Ashley Hotel for um,0
855,"No, I need a train from Cambridge to petersborough on Thursday",1
335,"Great, thanks for your help",1
454,ooh nice these new headphones sound way better than my old ones,1
666,uh huh got it so thats what the boss was talkin bout,1
1582,Can you help me find order #A897654 from last week,1
1610,please schedule for march twenty,0
143,honestly the blue shirt looks much better than the red one,1
1990,about three hours ago,1
156,I cant believe they would do something this awful and just,0
1170,have you seen the latest i just uploaded the final version to the shared drive,1
527,I was finna tell ya bout what happened when,0
1526,the scientific study concluded ... with groundbreaking results about climate change,1
701,yeah yeah so if im following correctly about the,0
1987,in the top drawer,1
1941,we really nailed that presentation didnt we,1
1864,This should work in production shouldnt it although I'm worried that,0
29,we need to address those comments from the last code review that maybe,0
1254,i think we need to review the wait i see latishab already approved the changes,1
1376,"I thought the presentation was-- ah, Latisha's handling the slides today",1
287,im going to wear my black uh my navy blue suit to the conference tomorrow,1
1758,The quarterly report shows a fifteen percent increase in sales,1
996,I'm looking for those files those important files from the meeting where,0
1808,"Well, the reason I came here is because",0
995,She mentioned something about the report the quarterly report that was supposed to,0
1101,I'm curious about your knowledge cutoff - your training cutoff date specifically,1
16,"Well, it depends on what you mean by",0
600,prolly shoulda mentioned earlier when they said,0
1395,"Ok, how about an Italian restaurant",1
1537,i would love that one,1
861,Where can we eat,1
961,the client mentioned something about the timeline the timeline for,0
529,No thank you. That is great,1
1419,The coach was explaining the new strategy but then,0
1213,they mentioned something about the budget constraints and how we might,0
1896,"You've backed up the database already, haven't you",1
92,The train should depart from cambridge and should go to kings lynn,1
722,okay yeah yeah and then what happened after the,0
8,"No, but how about attractions in the same area as the restaurant",1
1594,Serial number XJ2897654 has been verified and approved,1
337,The deployment process should probably um let me check the,0
1206,were trying to figure out how to the new process is now fully documented,1
1876,"The client will be happy with these changes, won't they",1
1860,We could optimize this function couldnt we if we just consider,0
1819,Gallery at Twelve has a phone number that,0
1732,Before we can proceed with the deployment we need to verify if the,0
486,sunday please,1
1364,searching for hotels in,0
1212,we should probably review the entire well the thing is when you look at,0
1796,youre going to wear the blue dress to the party arent you,1
216,yes for the weekend,1
690,thank you. that is all for today,1
357,"Yes, please make reservations for 5 people at 16:45 on Monday",1
1104,The automatic renewal the automatic renewal that was supposed to happen,0
1828,oh I totally hate it when people just randomly show up and start asking for things without any,0
306,"The new office is on Park- no, Madison Avenue, right by the subway",1
1140,"I'm having issues with billing, with my MARCH billing statement specifically",1
652,mhm okay so thats why the system kept crashin yesterday,1
427,actually I already submitted the homework assignment yesterday,1
1908,the temperature dropped quite a bit didnt it,1
111,I need the schedule of the the Train going to Ely on Tuesday,1
315,The client asked for something like um maybe we should I mean,0
380,Is the table actually,0
1929,he usually brings his lunch doesnt he except when,0
509,"Whoa hold up, what were you saying about the new",0
430,considering the time and thinking about arriving by,0
172,That is all for now. Thank you for your help,1
619,"I need a new phone case, something durable",1
52,Can you check for a type of architecture in the centre area please,1
318,"My flight leaves at 7- um, actually 7:30 AM tomorrow morning",1
456,ah well I suppose we should start planning for the holiday party,1
233,"When-when I tried to explain the situation to my boss, he just",0
853,Sounds great. Please make a booking,1
1368,"Could someone help me with the-- thanks, I found the solution in chapter four",1
1517,Yes I would also like a taxi to commute between the two places,1
1366,I started writing the essay introduction but then realized that maybe,0
1649,I am looking for a swimming pool to visit on the north side of town. Can you help me with that,1
110,I think it's,0
452,huh you know what really makes me confused is when the,0
1748,that is it for today thank you for asking,1
542,Was boutta say somethin important bout the,0
535,Jeet yet? I'm starvin and wanna grab some lunch,1
1481,the client requested that we [wait hold on] before we implement the,0
1984,like I was saying,0
1890,The tests are passing now arent they but I'm,0
412,No but I need a hotel,1
683,mmhm thats exactly what i needed to know bout the update,1
1885,They've updated their requirements havent they which means,0
273,"fam, these code reviews from @alexb hit different frfr",1
776,"Ah gotcha, and when they were discussing the way that",0
842,and the prices are,0
682,hmm yeah and then you were saying something about,0
1251,i want to find a hospital in town,1
402,mm yeah so I was thinking about maybe trying to figure out how,0
786,I deadass thought ai yaa this cannot be happening right now,1
1265,have you seen what happens when the server tries to well it just,0
858,"Hi, what are some fun attractions in west Cambridge",1
918,"Your investment of $5,000.00 has generated a 12% return over the past three months",1
276,Lowkey tired of how the staging environment keeps acting up whenever we,0
1625,I also need a taxi to get me there and back,1
1482,the environmental impact study shows thats not accurate significant improvements in air quality,1
232,"Oh my gosh, this-this cake is just, just incredibly delicious",1
512,Whaddya think about the new restaurant downtown,1
761,considering colleges in the north like um maybe looking at,0
63,I need the place to be in the east part of town,1
1650,While organizing my closet I found that vintage dress from,0
390,mm well I was wondering if perhaps we could,0
1315,"I was wondering if anyone had-- great, you've already updated the wiki",1
1874,"These requirements weren't in the original scope, were they",1
510,"Gosh, it's like every time I try to organize my thoughts about",0
888,well if you think about what happened with the,0
1455,During the halftime break everyone started talking about,0
292,im trying to remember who was supposed to uh which team member was i mean the person who,0
224,"If 16:30 is available, I'll need the reference number, too, please",1
1264,I don't mind cheap as long as it's still reasonably nice,1
1207,im trying to understand why the system keeps i mean if we could just,0
1146,"Sure, lets try that instead",1
801,Hey amiga can you tell me donde está la nueva cafetería everyone's talking about,1
837,the professor said tres bien and everyone started laughing,1
1817,"We should have ordered more supplies last week, shouldn't we",1
1392,The class discussion was going well until someone mentioned,0
159,the way the team came together and supported each other was really,0
24,Could I have the post code,1
1591,the report indicates several areas where ... although we havent fully,0
1119,Where's my tracking information? My shipping tracking from last Friday,1
749,"Mmkay, so if I'm following what you're saying about the",0
1718,"Actually I am don't need to book a room just yet but can you provide the phone number, postcode, and address",1
1501,renewable energy sources will thats debatable become more cost effective over time,1
588,Is there somewhere more central that can be,0
1593,the system architecture seems to be ... unless someone can,0
1571,our team managed to solve the problem ... by approaching it from a different angle,1
1821,"The client feedback was quite positive this time around, wasn't it",1
346,"The bug affects Chrome- wait, Firefox and Chrome browsers",1
629,dunno why my phone keeps actin up when i try texting,1
1726,"The solar panels generate approximately 4,500 kilowatts of energy during peak summer hours",1
574,finna get my homework done fore my mama gets home,1
1458,The league officials were saying something about how,0
1442,"It might. Can you please tell me the entrance fee, address, and phone number of All Saints Church",1
1204,they were saying something about how the deployment might affect the,0
1360,"The group meeting was supposed to-- perfect, 07:30 UTC works for everyone",1
820,mans be like habibi trust me then ghost you the next day,1
258,Was thinking about walking to museum instead of taking,0
917,Thank you. I am also looking for places to go in the same area as the restaurant,1
1024,Who's monitoring the alerts? The priority alerts this morning,1
1742,"Cheap, it needs free parking also",1
970,Have you tried the new café? The café next to Building B,1
1276,could you possibly check if the i verified the data integrity its all good,1
1940,the client preferred the first design didnt they although now,0
1783,No it's kind of,0
1497,the architectural plans include we should revise space for community gatherings and events,1
1887,You're familiar with the codebase arent you because I need,0
1934,the movie starts at seven oclock right,1
672,yeah yeah okay that clears up the confusion bout timing,1
712,mhm exactly thats what i thought about the new design,1
1404,"Can anyone explain how the-- thanks, the TA just posted a video tutorial",1
1997,to the kitchen,1
1178,i started working on the presentation but then i realized that maybe we should,0
508,"Ah man, if only I had known earlier about the way that",0
1488,the solution might be to actually I disagree and then we could try to,0
1387,I was reading through the textbook when suddenly the whole,0
1897,"The new UI looks much cleaner now, doesn't it",1
327,The documentation shows that we need to- um hold on let me just,0
1816,"The new project management software is more user-friendly, don't you think",1
1111,I need to speak with a supervisor a supervisor who can help me with this,0
379,ah hold on I just remembered I left my keys in the kitchen drawer,1
946,the wifi keeps dropping it keeps dropping whenever Im in the conference room,1
1339,"Do you remember when we used to-- actually, we're meeting for coffee next week",1
522,"Maybe Mexico, I've heard Cancun is nice but I'm also thinking",0
848,"There will be 6 of us. 16:15, if possible",1
1001,Can you check my permissions? My repository permissions on GitHub,1
1031,I need access to the VPN the VPN that we use for,0
1189,thank you but Im still not sure about the,0
1605,The warranty for product ID 789-XY expires in 30 days,1
247,aint nobody got time for them meetings when theyre runnin behind schedule like that,1
99,have they mentioned anything about when the new system will,0
1713,We need to archive the old project files from the 2024 releases,1
408,hmm well based on these test results we should adjust the medication dosage,1
1603,Temperature reading shows 23.5 celcius for today,1
497,"Oh shoot, I completely forgot to mention that thing about",0
593,lemme try first,1
1801,about that email from marketing isnt it kind of,0
1980,behind the couch,1
459,Am hospital in town that should have the children's oncology and haematology department,1
1337,Have you noticed how some friendships just kind of when you least,0
1342,"I wanted to tell you about my-- wow, I see you've already met James at the party",1
1705,The downtown renovation project will be completed by August 2025,1
744,"Yeah yeah, so when they started explaining about the whole",0
1673,The new farmers market on Oak Street opens every Wednesday morning,1
1036,"Yes, I would like to book for 3 people",1
1774,with respect to the latest updates shouldnt someone,0
1409,Is it more of,0
222,about the wandlebury country park phone number and wondering if it's always,0
806,Let me find that information first,1
827,i told him yamete kudasai but he kept talking and talking,1
76,"Yes book a table, thank you",1
103,GPS distance showing 234 miles from destination but route,0
495,"Mmm, this has to be the best chocolate cake I've ever tasted",1
505,"Oh right, we need to pick up Sarah from the airport at 3 PM",1
167,dealing with this customer service representative is making me so,0
1831,"The marketing team suggested a new approach, didn't they, where",0
1433,"The game stats from last-- hold on, they're displaying on the scoreboard",1
577,gimme a minute while i finish cleanin this mess up,1
1040,The CI pipeline is stuck is stuck at the stage where,0
1952,the weather is really nice today isnt it,1
1157,she wanted to know if we the client approved all the proposed changes yesterday afternoon,1
1534,the documentary film crew spent ... three years following arctic wildlife,1
1003,"The Jenkins build is failing, the main branch build since midnight",1
1345,"That should do it, thank you",1
1875,"You're thinking what I'm thinking, aren't you",1
1277,I was just reviewing the documentation when suddenly the system kind of,0
716,ah gotcha and then what about when they said,0
1379,The friendship bracelet she gave me reminded me of that time when,0
429,"That's perfect, could you book me a table for 4 at 16:15 on Friday",1
833,i was like konnichiwa sensei and he just started laughing ngl,1
1681,The annual food festival will feature twenty local restaurants this year,1
794,"I mean, if we look at it from another perspective",0
705,ahh right now i remember what happened at the meeting,1
1179,hoping you have a wonderful rest of your,0
108,the client absolutely loves our latest design proposal,1
472,Thank you for all of the helpful information,1
336,"The system maintenance starts at 2- correction, 2:17 AM UTC",1
802,My abuela always says tranquila niña everything's gonna work out fine,1
1269,"The server keeps-- wait, I've just received the all-clear notification",1
220,my my car keeps keeps breaking down im im done with this unreliable piece of junk,1
1310,The dashboard is showing some interesting-- I mean depending on how we,0
1823,"We might need to reconsider the timeline, mightn't we, given that",0
1174,"Fantastic, thank you. That is all I need",1
905,the client called about the deadline about the you know the deadline for,0
1452,my grandmother taught me this recipe oh I know that one when I was just learning how to cook,1
910,you need to turn left at the bank the big bank with the red sign,1
706,"Yes, that would be fine, thanks",1
651,gimme a sec while i try to member what the,0
1797,when you mentioned the client meeting wasnt there something,0
1093,"Can you find me an expensive place to stay, it should be only 4 stars and include free wifi and parking",1
971,"She's looking for her badge, her temporary badge from reception",1
649,right right i see what youre sayin bout the project deadline,1
1221,they wanted to know if we could i secured the additional resources we need,1
129,Thank you for all your help today. Goodbye,1
1351,"I was looking for my textbook but-- oh, I see it's in Professor Lee's office",1
800,What type of accommodations are they,0
1443,We were practicing the new routine when the whole,0
1733,The team retrospective meeting has been moved to next Tuesday,1
1918,were all thinking the same thing arent we,1
890,snort pfft did you see what they were wearing today,1
1312,I thought we could maybe implement the-- unless theres a reason why,0
1050,I need something in the same price range as the hotel,1
1464,according to the research paper which one exactly vaccinations significantly reduce disease spread,1
270,"yooo, just pushed my first PR and the senior devs are showing mad love",1
1258,we should probably address the issue with the before it becomes,0
1306,Okay thank you very much for your help,1
1528,my grandmother always said that true friendship ... requires patience and understanding,1
1667,Any guesthouse in the cheap range,1
1124,"I've been double-charged, double-charged on my March statement",1
121,"ok, that's fine. i want to book a room there",1
1892,They're planning to refactor this module arent they once the,0
922,"If there are no hotels, a guesthouse would be fine, I suppose",1
1199,we were discussing the new features when suddenly the whole thing just,0
1333,I tried reaching out to the group but something about the way they,0
183,my coffee tastes terrible today i should really start learning to play,0
1626,Employee ID 45721 has accessed Level 2 at 07:45 AM,1
1274,I don't have a preference in what area of town,1
364,"Set the timeout to thirty- no, sixty seconds minimum",1
919,we should meet at six oclock yes six oclock at the main entrance,1
115,"Current balance due shows $3,567.89 excluding the recent",0
1938,the cats already had breakfast hasnt she,1
1509,the space exploration mission wait youre mistaken during the launch sequence,0
1536,the new security protocol requires ... two factor authentication for all users,1
105,"Not right now, thanks. I am also looking for some places to go in the west area of town. What attractions do they offer there",1
1815,"I'd like to stay close to the center area, but the hotel should be 3 star",1
736,"Yeah yeah, exactly what I thought about the new policy",1
1077,Could you elaborate on this error? This validation error you mentioned,1
208,we we had such a wonderful um wonderful time at the at the beach yesterday it was perfect,1
967,"The system keeps crashing, keeps crashing whenever I open Chrome",1
1183,they wanted us to review the no wait we already approved those changes last week,1
1011,The client was asking about delivery asking about when we would,0
954,we need to finish the report finish the quarterly report by Friday morning,1
409,Yes that sounds like something I could try,1
516,"Oh right, before I forget to mention something about the",0
895,hahaha can't believe that just happened,1
617,Thanks. I also need a train for saturday,1
62,"um, so the waiter, like, mentioned a discount but i’m not sure about",0
517,"Dunno whatcha mean by that, could ya explain it again",1
1894,Do they have a website or,0
261,that concert last night was mad wicked the crowd was absolutely wildin,1
1440,Need directions too as well as,0
1656,I need a train to Cambridge that will arrive by 18:03 and leaving on Friday,1
707,okay okay now i see what you meant bout the budget,1
1135,the client mentioned something about the delivery date but then they kind of,0
293,the meeting is in room three oh sorry room three fifteen on the second floor,1
1022,Can you check the logs the production logs from when the system,0
186,Your order #RT78392 has been shipped to New York,1
1290,"The client was asking about the-- I just checked, it's been deployed successfully",1
1305,I need a hospital please! I've been hurt,1
401,ah yes I remember now we need to pick up milk eggs and bread from the store,1
1719,When I tried to run the test suite it kept failing at,0
680,It does not matter,1
1503,implementing artificial intelligence could thats not how it works because the systems,0
275,"Ayy, just peeped how clean this refactoring turned out, we up",0
1421,The championship match was going to-- turns out we're seeded first this year,1
1123,Could you check my subscription status? My PREMIUM subscription status,1
157,my new job is exactly what I wanted and the team is absolutely wonderful,1
537,Finna head out to the gym in bout five minutes,1
959,"Hey, I'm checking about the meeting - the 3PM meeting with Finance",1
1993,well basically,0
403,ugh you know that feeling when youre just about to,0
1279,"I'm trying to access the-- ah, my permissions were updated, I can see it now",1
1441,Was anyone able to get the-- team roster's just been updated online,1
1064,The way you're processing my input processing my questions seems different than,0
1652,The hotel should be in the cheap price range and should have a star of 4 with free wifi,1
1019,What part of town is frankie and bennys located,1
392,gosh how do I even begin to explain the way that,0
1233,the documentation says we need to but then theres this part where,0
1914,these documents need signing dont they unless we decide to,0
927,we need to update the website update the section where,0
1304,Alexander was saying something about how the system might-- well you know,0
742,"Oh right, so if I'm understanding correctly about what happened",0
